<?xml version="1.0" encoding="UTF-8" standalone="yes"?>
<ns2:ExportManifest xmlns:ns2="http://www.pentaho.com/schema/">
    <ExportManifestInformation exportDate="31-05-2019 11:32:05 BRT" exportBy="admin" rootFolder="/home/robson_v/" manifestVersion="2"/>
    <ExportManifestEntity path="TreeDataTable">
        <ExportManifestProperty>
            <EntityMetaData name="TreeDataTable" createdDate="2019-05-31T11:31:45.241-03:00" isFolder="true" path="TreeDataTable" isHidden="false" isSchedulable="true" locale="pt_BR" title="TreeDataTable"/>
        </ExportManifestProperty>
        <ExportManifestProperty>
            <EntityAcl>
                <entriesInheriting>true</entriesInheriting>
                <owner>admin</owner>
                <ownerType>USER</ownerType>
            </EntityAcl>
        </ExportManifestProperty>
    </ExportManifestEntity>
    <ExportManifestEntity path="TreeDataTable/treeDataTable.cda">
        <ExportManifestProperty>
            <EntityMetaData name="treeDataTable.cda" createdDate="2019-05-31T11:32:01.991-03:00" isFolder="false" path="TreeDataTable/treeDataTable.cda" isHidden="false" isSchedulable="true" locale="pt_BR" title="treeDataTable.cda"/>
        </ExportManifestProperty>
        <ExportManifestProperty>
            <EntityAcl>
                <entriesInheriting>true</entriesInheriting>
                <owner>admin</owner>
                <ownerType>USER</ownerType>
            </EntityAcl>
        </ExportManifestProperty>
    </ExportManifestEntity>
    <ExportManifestEntity path="TreeDataTable/treeDataTable.cdfde">
        <ExportManifestProperty>
            <EntityMetaData name="treeDataTable.cdfde" createdDate="2019-05-31T11:32:02.036-03:00" isFolder="false" path="TreeDataTable/treeDataTable.cdfde" isHidden="false" isSchedulable="true" locale="pt_BR" title="treeDataTable.cdfde"/>
        </ExportManifestProperty>
        <ExportManifestProperty>
            <EntityAcl>
                <entriesInheriting>true</entriesInheriting>
                <owner>admin</owner>
                <ownerType>USER</ownerType>
            </EntityAcl>
        </ExportManifestProperty>
    </ExportManifestEntity>
    <ExportManifestEntity path="TreeDataTable/treeDataTable.wcdf">
        <ExportManifestProperty>
            <EntityMetaData name="treeDataTable.wcdf" createdDate="2019-05-31T11:32:01.943-03:00" isFolder="false" path="TreeDataTable/treeDataTable.wcdf" isHidden="false" isSchedulable="true" locale="pt_BR" title="treeDataTable"/>
        </ExportManifestProperty>
        <ExportManifestProperty>
            <EntityAcl>
                <entriesInheriting>true</entriesInheriting>
                <owner>admin</owner>
                <ownerType>USER</ownerType>
            </EntityAcl>
        </ExportManifestProperty>
    </ExportManifestEntity>
</ns2:ExportManifest>
